Toy,this movie is awesome,0.7106251226740118
,,0.6094955012853469
,,0.6094955012853469
,,0.6094955012853469
 Jumanji,,0.6094955012853469
Toy,this movie is awesome,0.7106251226740118
